<?xml version='1.0' encoding='utf-8'?>
<!DOCTYPE hibernate-mapping PUBLIC
    "-//Hibernate/Hibernate Mapping DTD 3.0//EN"
    "http://www.hibernate.org/dtd/hibernate-mapping-3.0.dtd">
<hibernate-mapping>

    <class name="com.capstone.spring.model.ActivityRegistrationRequest" table="activityregistrationrequest" schema=""
           catalog="sums">
        <id name="aRequestId">
            <column name="aRequestId" sql-type="int" not-null="true"/>
        </id>
        <property name="userId">
            <column name="userId" sql-type="int" not-null="true"/>
        </property>
        <property name="actId">
            <column name="actId" sql-type="int" not-null="true"/>
        </property>
        <property name="requestDate">
            <column name="requestDate" sql-type="datetime" not-null="true"/>
        </property>
        <property name="requestStatus">
            <column name="requestStatus" sql-type="varchar" length="10" not-null="true"/>
        </property>
    </class>
</hibernate-mapping>