<?xml version='1.0' encoding='utf-8'?>
<!DOCTYPE hibernate-mapping PUBLIC
    "-//Hibernate/Hibernate Mapping DTD 3.0//EN"
    "http://www.hibernate.org/dtd/hibernate-mapping-3.0.dtd">
<hibernate-mapping>

    <class name="com.capstone.spring.model.User" table="user" schema="" catalog="sums">
        <id name="userId">
            <column name="userId" sql-type="int" not-null="true"/>
        </id>
        <property name="userPassword">
            <column name="userPassword" sql-type="varchar" not-null="true"/>
        </property>
        <property name="userFirstName">
            <column name="userFirstName" sql-type="varchar" length="30" not-null="true"/>
        </property>
        <property name="userLastName">
            <column name="userLastName" sql-type="varchar" length="30" not-null="true"/>
        </property>
        <property name="userGender">
            <column name="userGender" sql-type="varchar" length="5" not-null="true"/>
        </property>
        <property name="userBirth">
            <column name="userBirth" sql-type="date" not-null="true"/>
        </property>
        <property name="userEmail">
            <column name="userEmail" sql-type="varchar" length="30" not-null="true"/>
        </property>
        <property name="userPhone">
            <column name="userPhone" sql-type="varchar" length="30"/>
        </property>
    </class>
</hibernate-mapping>