<?xml version="1.0" encoding="UTF-8"?>
<beans xmlns="http://www.springframework.org/schema/beans"
       xmlns:xsi="http://www.w3.org/2001/XMLSchema-instance"
       xmlns:tx="http://www.springframework.org/schema/tx"
       xmlns:context="http://www.springframework.org/schema/context"
       xsi:schemaLocation="
        http://www.springframework.org/schema/beans
        http://www.springframework.org/schema/beans/spring-beans-3.0.xsd
        http://www.springframework.org/schema/context
        http://www.springframework.org/schema/context/spring-context-3.0.xsd
        http://www.springframework.org/schema/tx
        http://www.springframework.org/schema/tx/spring-tx-3.0.xsd">

    <context:component-scan base-package="com.capstone.spring"/>
    <context:annotation-config/>
    <context:spring-configured/>
    <!-- Data Source Declaration -->
    <bean id="DataSource" class="org.apache.commons.dbcp.BasicDataSource" destroy-method="close">
        <property name="driverClassName" value="com.mysql.jdbc.Driver" />
        <property name="url" value="jdbc:mysql://localhost:3306/sums" />
        <property name="username" value="root" />
        <property name="password" value="root" />
    </bean>

    <!-- Session Factory Declaration -->
    <bean id="SessionFactory" class="org.springframework.orm.hibernate4.LocalSessionFactoryBean">
        <property name="dataSource" ref="DataSource" />

        <property name="annotatedClasses">
            <list>
                <value>com.capstone.spring.model.Activity</value>
                <value>com.capstone.spring.model.ActivityRegistrationRequest</value>
                <value>com.capstone.spring.model.Club</value>
                <value>com.capstone.spring.model.ClubRegistrationRequest</value>
                <value>com.capstone.spring.model.Role</value>
                <value>com.capstone.spring.model.User</value>
            </list>
        </property>
        <property name="hibernateProperties">
            <props>
                <prop key="hibernate.dialect">org.hibernate.dialect.MySQLDialect</prop>
                <prop key="hibernate.show_sql">true</prop>
                <prop key="hibernate.connection.url">jdbc:mysql://localhost:3306/sums</prop>
                <prop key="hibernate.connection.driver_class">com.mysql.jdbc.Driver</prop>
            </props>
        </property>
        <property name="mappingLocations">
            <list>
                <value>classpath:Activity.hbm.xml</value>
                <value>classpath:Activityregistrationrequest.hbm.xml</value>
                <value>classpath:Club.hbm.xml</value>
                <value>classpath:Clubregistrationrequest.hbm.xml</value>
                <value>classpath:Role.hbm.xml</value>
                <value>classpath:User.hbm.xml</value>
                <value>classpath:User.hbm.xml</value>
            </list>
        </property>
    </bean>

    <!-- Enable the configuration of transactional behavior based on annotations -->
    <tx:annotation-driven transaction-manager="txManager"/>

    <!-- Transaction Manager is defined -->
    <bean id="txManager" class="org.springframework.orm.hibernate4.HibernateTransactionManager">
        <property name="sessionFactory" ref="SessionFactory"/>
    </bean>

</beans>
